LGN0042AE|Light|Juniper-forward, Floral botanicals, Citrus brightness|French gin with prominent floral botanicals, juniper backbone, and bright citrus — an elegant aperitif spirit.
LGN0044CN|Light|Juniper-forward, Herbaceous botanicals, Citrus brightness|Islay dry gin with vibrant juniper, herbaceous botanicals and citrus — versatile for classic cocktails and aperitifs.
LGN0063CN|Light|Juniper-forward, Citrus zest, Herbaceous botanicals|Classic London Dry with bold juniper, citrus zest and herbaceous botanicals. Crisp and versatile for cocktails.
LGN0081BU|Medium|Juniper, Coriander seed, Seville orange peel|Distilled in London since 1820, from 9 botanicals steeped 24 hours before a single copper-pot distillation.
LGN0118EQ|Medium|Arctic cloudberry, Wild juniper, Pine resin|Bergen-distilled small batch built on Norwegian arctic cloudberries and local juniper, at 46% ABV without chill-filtration.
LGN0199CN|Light|Juniper-forward, Citrus zest, Herbaceous|Irish gin with a gunpowder tea infusion, juniper-led with bright citrus and herbaceous complexity.
LGN0274DR|Light|Juniper-forward, Citrus zest, Herbaceous botanicals|London Dry with vibrant juniper, citrus zest and botanical complexity. A versatile aperitif and cocktail spirit.
LGN0379AE|Light|Juniper-forward, Citrus zest, Herbaceous botanicals|Irish double gin, juniper-forward with bright citrus zest and herbaceous botanicals. Crisp, dry and versatile.
LLQ0062CN|Medium|Bitter orange, Herbal spice, Citrus peel|Italian aperitif liqueur with bold bitter-orange character, herbal complexity and vibrant acidity.
LLQ0063CN|Light|Dried bitter orange peel, Candied citrus zest, Orange blossom|Amsterdam-distilled since 1575, drawing on VOC-era citrus botanical expertise — vivid bitter-orange peel character.
LLQ0079DR|Medium|Cherry, Herbal notes, Almond|Classic Danish cherry liqueur, rich and sweet with subtle herbal complexity. A versatile digestif or dessert companion.
LLQ0088CN|Light|Dried orange peel, White blossom, Candied citrus zest|Amsterdam, 1575: four centuries of VOC-sourced botanical expertise, blending citrus esprits with neutral spirit.
LLQ0089CN|Light|Bitter orange peel, Dried laraha zest, Cardamom|A dry, low-sugar Curacao built on bitter orange peel, from Amsterdam's 1575 distillery.
LLQ0093CN|Medium|Morello cherry, Maraschino, Cherry stone|Amsterdam, 1575: cherry fruit juice blended with neutral spirit, on four centuries of botanical expertise.
LLQ0099AD|Light|Bitter orange peel, Sweet orange zest, Candied citrus|Schiedam-rooted orange liqueur distilled from bitter and sweet orange peels at 40% ABV — the bartender's workhorse triple sec.
LLQ0108AD|Light|Lychee, Rose water, White floral|Schiedam-distilled lychee liqueur built on neutral grain spirit infused with lychee fruit at 20% ABV.
LLQ0245DG|Medium|Herbal botanicals, Caramel sweetness, Citrus zest|Italian vermouth rosso from Piedmont — herbal botanicals, caramel sweetness and balanced spice for aperitivo.
LLQ0426CN|Light|Bitter Orange Peel, Rhubarb, Gentian|Padua-born bitter orange aperitivo: rhubarb, gentian and cinchona macerated in neutral spirit since 1919.
LLQ0427CN|Medium|Bitter orange, Herbal spice, Citrus peel|Italian aperitif liqueur with bold bitter-orange character and vibrant acidity — essential for a Negroni.
LOT0117DB||Ripe French plum, Ume stone-fruit, Almond kernel|Suntory's plum liqueur crafted in France, blending Japanese ume tradition with a French eau-de-vie base.
LOT0149FS|Full|Concentrated ume plum, Miyamizu minerality, Dark honey|Undiluted umeshu from Nada-Gogo — a genshu bottling retaining full-strength plum intensity from Rokko Mountain water.
LOT0153FS|Medium|Chita spring-water minerality, Ume stone-fruit tartness, Fermented-grain umami|Farm-to-bottle umeshu: own-grown ume steeped at the same 1844 kura on the Chita Peninsula.
LOT0172AB|Medium|Umeboshi, Stone fruit, White florals|Akita sake infused with umeboshi plum; traditional shizuku pressing yields a delicate, naturally sweet expression.
LRM0037DG|Medium-Light|Fresh sugarcane juice, Lemongrass, Green mango|Agricole-style rum from Phuket — first-press Thai sugarcane, Armagnac copper still, rested 8 months in stainless.
LRM0088AE|Light|Volcanic mineral water, Toasted American oak, Molasses vanilla|Single-estate Nicaraguan rum, additive-free, 4 years in ex-bourbon oak under the volcanic heat of San Cristobal.
LRM0098DG|Medium-Light|Coral-limestone minerality, Sugarcane molasses, High-ester funk|A Barbados, Jamaica and Trinidad tri-island blend from WIRD's coral-limestone seafront site.
LRM0113AE|Medium-Full|Dried citrus peel, Toasted almond, Vanilla|Venezuelan white rum aged up to 6 years in ex-bourbon barrels, then charcoal-filtered to clarity — complexity without colour.
LRM0235ES||Sugarcane, Vanilla, Light caramel|Thai sugarcane rum from Khao Yai, distilled by the brand behind Thailand's best-selling white spirit.
LRM0245DG|Medium-Full|Coral-limestone salinity, Molasses caramel, Dried tropical fruit|Single-island Barbados molasses rum, double-aged tropically then finished in ex-Ferrand casks.
LSK0519AB|Medium|Rice milk, Lychee, Banana|Akita snowmelt water meets unfiltered Akitafuji rice — cloudy, sweet and unapologetically rustic.
LTQ0015BU|Medium|Cooked agave, Vanilla, Oak|Smooth 100% blue agave tequila aged in oak, balancing cooked-agave sweetness with vanilla and citrus.
LTQ0034CN|Medium|Agave sweetness, Citrus brightness, Herbaceous notes|Bright, clean silver tequila with citrus and agave character — versatile for margaritas or neat.
LTQ0035BU|Medium|Cooked agave, Los Altos floral agave, Ex-bourbon vanilla|A Los Altos Highland reposado: iron-rich volcanic clay, 8+ months in ex-bourbon oak.
LTQ0066CN|Medium|Agave sweetness, Citrus brightness, Herbaceous notes|Crisp blanco with bright citrus and herbaceous agave character; versatile for sipping or mixing.
LTQ0068CN|Medium|Coconut cream, Vanilla, Toasted oak|Blue Weber agave from Jalisco's highlands meets natural coconut, on a reposado base aged in American oak.
LTQ0069CN|||Using 100% Weber Blue Agave picked at its peak, this Anejo is aged in French oak barrels.
LTQ0078BU|Medium|Cooked agave, Los Altos floral lift, Iron-clay minerality|Los Altos blanco from iron-rich volcanic clay at 5,200-6,500 ft — unaged, 30-day steel rest, double-distilled.
LTQ0080AD|Medium-Full|Roasted agave, Citrus pith, Red clay minerality|Single-ranch, single-harvest reposado from Los Altos' red clay highlands — vintage-dated agave transparency.
LTQ0099DR||Los Altos highland agave, Fresh lime zest, White pepper|Blends tahona-stone and roller-mill distillates from Los Altos highland agave, double-distilled in small copper pots.
LTQ0134AD|Medium|Vanilla oak, Caramel, Agave sweetness|A smooth Mexican anejo aged in oak, delivering vanilla, caramel and warm spice.
LTQ0171CN|Medium-Full|Mesquite smoke, Roasted agave, Tropical fruit|Oaxacan joven mezcal blending espadin and tobala agaves, pit-roasted over mesquite, at 40% ABV.
LTQ0176CN|Medium-Full|Cooked agave, Ex-bourbon vanilla, Caramel|Los Altos red volcanic soil, a 72-hour brick-oven cook and 8+ months in ex-Jim Beam oak.
LTQ0203BU|Full|Los Altos cooked agave, Recharred oak vanilla, Dried dark fruit|Triple-distilled at Atotonilco El Alto — 30+ months in recharred ex-bourbon oak from iron-rich volcanic clay.
LTQ0206GH|Light|Cooked agave, Citrus zest, White pepper|Highland agave on volcanic red clay, unaged blanco, distilled in Los Altos de Jalisco at around 2,000 m.
LWH0034BU|Medium-Full|Caramel, Vanilla cream, Toasted American oak|Cave Spring Hollow limestone water and 10-ft sugar maple charcoal mellowing — the step that separates Tennessee whiskey.
LWH0162AD|||Revered as the peatiest, smokiest and most complex single malt of them all.
LWH0170AD|||Named for the loch from which Ardbeg draws its water, in Gaelic a dark and mysterious place.
LWH0177AA|Medium|Vanilla, Toasted coconut, Dried apricot|Triple-cask Irish whiskey from County Offaly — pot still, malt and grain married in ex-bourbon, sherry and rum casks.
LWH0179BU|Medium-Full|Caramel, Vanilla, Toasted oak|Frankfort, Kentucky flagship: new charred American oak, a corn, rye and barley mash, bottled at 90 proof.
LWH0221BU|Full|Vanilla, Oak, Caramel|Kentucky bourbon with rich vanilla, oak and spice — a balanced, full-bodied classic for sipping or mixing.
LWH0305BU|Medium-Full|Caramelised vanilla, Toasted American oak, Banana bread|Cave Spring Hollow limestone water and sugar maple charcoal mellowing before the barrel.
LWH0318CN|Medium-Full|Oloroso raisin, Dried date, Vanilla-sherry oak|Easter Elchies Estate, Speyside: squat 3,900L stills and a vertically integrated sherry-cask programme.
LWH0319BU|Medium-Light|Vanilla, Toasted American oak, Orchard fruit|Single-distillery blend from Midleton, Cork — triple-distilled over unmalted barley, a tax dodge turned Irish signature.
LWH0368BU|Medium-Full|Granite minerality, Orchard apple, Wildflower honey|Strathisla-anchored Speyside blend; short-neck pot stills and wooden washbacks build a malt-forward creaminess.
LWH0472ES|Medium-Full|North Sea brine, Toasted American oak, Dried orchard fruit|Wick's coastal dunnage warehouses, worm-tub condensers and 15 years in ex-bourbon oak.
LWH0473ES|Medium-Full|North Sea brine, Dried Oloroso fruit, Toasted oak|An urban distillery 300 m from the North Sea: 18 years second-fill bourbon, then a first-fill Oloroso finish at 46% ABV.
LWH1014CN|Medium-Full|Oloroso dried fig, Dark chocolate, Crystallised ginger|Easter Elchies' annual limited release: non-chill-filtered, natural colour, a higher-ABV cut from hand-selected sherry oak.
LWH1173AE||Cameronbridge vanilla, Toasted coconut, Butterscotch toffee|The world's first commercial blended grain Scotch — around 23 years average age, 46% and non-chill-filtered.
LWH1175BU|Medium-Full|Ripe pear, Dried citrus peel, Vanilla cream|Blended Scotch from Strathisla's Fons Bulliens Spring — every component at least 21 years in ex-bourbon and ex-sherry oak.
LWH1176BU|Medium-Full|Ripe pear, Candied orange peel, Dried fig|Blended at Strathisla's Royal Salute Vault — every grain and malt component carries a minimum 21-year age statement.
LWH1192AB||Sea salt, Vanilla, Dried apricot|Campbeltown's most storied distillery: an unpeated 10-year-old matured in ex-bourbon and sherry casks.
LWH1294AE|||A rich, sherry-driven Islay single malt with bold peat smoke, dark fruit and deep spice.
WDW0026AA|Medium|Honey, Dried Apricot, Caramel|Sicilian Marsala Fine with honeyed warmth, dried fruit depth and elegant semisecco balance.
WDW0045AF|Medium|Citrus blossom, Ripe stone fruit, Honey|Elegant white Port from the Douro Valley — honeyed stone fruit, citrus and subtle spice.
WDW0105AA|Medium-Full|Honey, Apricot, Vanilla|Sicilian Marsala Superiore Oro: honeyed, rich and complex with apricot and caramel.
WDW0148DR|Full|Dried fruit, Caramel, Hazelnut|Smooth, full-bodied Tawny Port with dried fruit, caramel and hazelnut — a refined digestif.
WDW0149DR|Full|Dark plum, Ripe berry, Chocolate|Smooth, full-bodied Ruby Port with dark fruit, chocolate and warming spice.
WDW0516AB|Medium|Honey, Tropical fruit, Floral|Languedoc Muscat with honeyed tropical fruit, floral notes and refreshing acidity.
WDW0527AB|Light||An aromatic natural sweet wine from the Rhone Valley, with orange blossom, ripe peach, honey and citrus.
WRS0217FX|Medium|Dried strawberry, White pepper, Pomegranate|Asoke Valley Syrah rose from Thailand's highest-altitude Khao Yai vines — dry, site-driven and built for the tropics.
WRW1817AE|Medium-Full|Dark plum, Black cherry, Blackcurrant|Bolgheri Super Tuscan of Merlot, Cabernet Sauvignon and Franc — dark fruit, cedar and structured tannin.
WRW2146AC|Full|Blackcurrant, Cedar, Dark plum|Napa Valley Cabernet with ripe blackcurrant, cedar and structured tannins.
WRW2301BN|Full|Black cherry, Red fruit, Graphite|Napanook's dry-farmed volcanic gravel with Pomerol discipline: graphite-spined, forest-berried, built for the cellar.
WRW2359BN|Medium-Full|Blackberry, Plum, Dark fruit|Barossa Valley Shiraz with ripe blackberry, plum and oak — food-friendly for fine dining.
WRW2459FS|Full|Black cherry, Licorice, Blackcurrant|A Fifth Growth Pauillac trading at Second Growth prices — Bages plateau gravel, 75% new French oak.
WRW2642BN|Full|Blackcurrant, Cedar, Tobacco|Structured Saint-Estephe with dark fruit, cedar and firm tannins; an age-worthy Bordeaux classic.
WRW2974BN|Full|Cinnamon, Licorice, Leather|Amarone della Valpolicella: full-bodied and dark fruit-driven, with leather and spice complexity.
WRW3008BN|Medium|Black cherry, Raspberry, Red fruit|Elegant Central Otago Pinot Noir with bright red fruit, peppery spice and mineral precision.
WRW3178CH|Medium-Full|Dark plum, Black pepper, Blackberry|Thai Shiraz with dark fruit, pepper spice and structure — versatile for grilled meats and bold Asian cooking.
WRW3367AD|Medium-Full|Plum, Berry fruits, Red fruit|Barossa Valley Merlot with ripe plum, berry and soft tannins — approachable and food-friendly.
WRW3403AC|Medium-Full|Red plum, Black cherry, Earthy undertone|Pure Merlot from Bordeaux with ripe plum, cherry and soft tannins.
WRW4874FS|Medium-Full|Blackcurrant, Plum, Cedar|Pauillac classic: ripe blackcurrant, cedar spice and structured tannins.
WRW5159DH|Medium-Full|Red cherry, Dark plum, Blackcurrant|Tuscan Sangiovese-led Riserva with dark fruit, tobacco and mineral complexity.
WRW5868AU|Full|Blackcurrant, Dark fruit, Wet stone|Pauillac classic: dark fruit, cedar and tobacco. An age-worthy blend with structure and elegance.
WRW6051BN|Medium-Full|Graphite, Dark fruit, Raspberry|An elegant Margaux blend of Cabernet Sauvignon and Merlot with dark fruit, cedar and tobacco.
WRW6101FS|Full|Creme de cassis, Graphite, Cedar cigar box|Plateau de Mouton's 5m-deep gravel, 44 oak vats, 100% new French oak — the only First Growth ever reclassified.
WRW6259BN|Medium-Full|Eucalyptus, Cocoa, Clove|A Pessac-Leognan blend of power and elegance — dark fruit, cedar and tobacco complexity.
WRW6362FC|Medium-Full|Black cherry, Black pepper, Raspberry|Ripe dark-fruit Shiraz from McLaren Vale with spice, oak and food-friendly structure.
WRW6476DJ|Medium|Crushed violet, Dark cherry, Iron-laced minerality|Chambolle-Musigny 1er Cru vinified at source; 18-20 day maceration, Troncais oak, organic-certified since 2018.
WRW6501FS|Full|Raspberry, Violet, Rose|An elegant Saint-Julien with ripe blackcurrant, cedar and tobacco. Age-worthy Grand Cru Classe.
WRW6524FS|Full|Blackcurrant, Black cherry, Blackberry|Intense garnet with a purplish hue. Fresh, expressive and precise on the nose, revealing blackberry and black cherry.
WRW6538BN|Full|Ripe cassis, Dark cherry, Graphite|Bages plateau deep-gravel Pauillac, the first vintage in the new gravity-flow cellars, 75% new French oak.
WRW6543FS|Full|Cocoa, Dark fruit, Blackberry|The only 1855 First Growth outside the Medoc: Gunzian gravel, urban heat, unfiltered, with silky tannins.
WRW6545FS|Medium-Full|Blackberry, Licorice, Cocoa|Haut-Brion's second wine from Pessac's gravel croupes — early-blended, unfiltered, fruit-forward finesse.
WRW6547FS|Medium-Full|Gunzian gravel minerality, Smoky tobacco, Dark plum|Second label of Pessac's only 1855 First Growth; cool-ripened silky structure at an accessible price.
WRW6606DH|Medium-Full|Mushroom, Minerality, Cherry|Elegant Brunello di Montalcino from old-vine Sangiovese; structured tannins, dark cherry and earthy complexity.
WRW6645DJ|Medium-Full|Limestone lift, Dark cherry compote, Crushed violet|Charmes-Chambertin built on infusion rather than extraction, with cellar-cooled malolactic for precision.
WRW7576AU|Medium-Full|Blackberry, Graphite, Raspberry|Biodynamic Fifth Growth on gravel over limestone; indigenous-yeast fermentation, 35% concrete dolia ageing.
WRW7615FS|Full|Blackcurrant, Cocoa, Wet stone|Pauillac powerhouse: ripe blackcurrant, cedar and structured tannins.
WRW7616BN|Full|Cocoa, Cherry, Graphite|Valpolicella's appassimento master: hillside fruit dried to concentration, aged in large oak.
WRW7735FS|Medium-Full||A polished and expressive Pauillac with ripe black fruit, refined tannins and elegant structure.
WRW7782AC|Full||California sunshine over a muscular, velvet-wrapped core — opulent dark fruit from long hang-time and polished oak.
WRW7840BN|Medium-Full|Cedar, Blackberry, Licorice|An aristocratic Pomerol — black plum, truffle, violets, graphite and velvety tannins.
WSP0042AD|Light|Green apple, Citrus, Brioche|Crisp, elegant Prosecco with bright citrus and brioche. A perfect aperitif or seafood companion.
WSP0058AD|Medium|Green apple, Brioche, Citrus zest|Classic Champagne blend of Pinot Noir, Meunier and Chardonnay with crisp apple, brioche and minerality.
WSP0062EG|Medium-Full|Brioche, Toast, Red fruit|Prestige Champagne blend with brioche richness, citrus minerality and elegant complexity.
WSP0075HI|Light||A lively mousse and refined perlage; deep ruby with purple tinges, vinous and fragrant, fresh and slightly sweet.
WSP0121AB|Light|Crisp green apple, Citrus zest, Delicate pear|Crisp Prosecco with green apple, citrus and fine bubbles — an ideal aperitif.
WSP0122AB|Light|Crisp green apple, Citrus zest, Delicate pear|Crisp Prosecco with green apple, citrus and fine bubbles — an elegant aperitif.
WSP1096AD|Medium-Full|Toasted brioche, Chalk minerality, Red apple|Pinot Noir-dominant NV from 50-60 crus, 30 months on chalk-cellar lees — from the widow who invented riddling in 1816.
WSP1167AD|Medium|Brioche, Citrus, Green apple|100% Chardonnay Blanc de Blancs from Champagne's historic Ruinart house — elegant and mineral-driven.
WSP1541CH|Light|Crisp green apple, Citrus zest, Pear|Crisp Thai sparkling with green apple, citrus and brioche. An elegant aperitif for seafood and Asian cooking.
WSP5782BN|Medium-Full|Honeysuckle, Wet stone, Butter|80 ha of biodynamic Grand Cru chalk across 7 communes, 6 years on lees — the cuvee invented for a Tsar.
WSP5789BN|Medium-Light|Minerality, Malt biscuit, Hazelnut|100% Grand Cru Chardonnay from five Cote des Blancs villages, 10+ years in Gallo-Roman chalk crayeres.
WSP9005BN|Medium|Minerality, Brioche, Citrus|100% Cramant and Avize Grand Cru Chardonnay, 5 years on lees, parcel-by-parcel vinification.
WWW0092AH|Medium-Full|Green apple, Citrus, Stone fruit|Approachable Chardonnay with ripe stone fruit, citrus and subtle oak — versatile for everyday dining.
WWW0120AA|Medium|Citrus zest, Green apple, Stone fruit|Crisp Bordeaux white of Sauvignon Blanc, Semillon and Muscadelle — citrus, stone fruit and herbaceous minerality.
WWW1197AD|Light|Grapefruit, Herbaceous, Citrus|Vibrant Marlborough Sauvignon Blanc with citrus drive, herbaceous snap and mineral precision.
WWW1478BN|Medium|Stone fruit, Citrus, Green apple|Colchagua Chardonnay with stone fruit, citrus and subtle oak — versatile and food-friendly.
WWW1479BN|Medium|Citrus zest, Green apple, Tropical fruit|Vibrant Colchagua Sauvignon Blanc with citrus zest, green apple and herbaceous minerality.
WWW1701CH|Medium|Citrus zest, Green apple, Stone fruit|Crisp Thai Colombard with citrus, green apple and tropical notes. Refreshing and food-friendly.
WWW2349CB|Full|Ripe yellow peach, Toasted vanilla, Creme brulee|A winemaking manifesto: 100% malolactic plus dual-oak ageing, reviving California's buttery Chardonnay archetype.
WWW2406DD|Medium||A South African dry blend — approachable, balanced and versatile for casual dining.
WWW4855AD|Medium-Full|Stone fruit, Citrus zest, Vanilla oak|Barossa Valley Chardonnay with ripe stone fruit, citrus and elegant oak.
LLQ0212AE|Light|Grapefruit pith, Dried citrus peel, Bitter orange|Bavarian-crafted grapefruit bitters on a neutral spirit base with dried citrus peel maceration.
LLQ0227CN||Bitter almond kernel, Dried apricot, Marzipan|Amsterdam's 1575 botanical archive in a glass, built on centuries of VOC-sourced ingredient expertise.
LLQ0228CN|Light|Honeydew melon, Green melon rind, Tropical sweetness|Amsterdam liqueur house founded in 1575, blending melon botanical esprit with an Eau Divine sugar base.
LLQ0229CN|Light|Ripe apricot, Dried stone fruit, Candied peach|Amsterdam apricot liqueur from the house that sourced botanicals via the VOC from 1575 — stone-fruit tincture.
LLQ0257AE|Medium|Morello cherry, Cherry skin bitterness, Dark stone fruit|Loire pharmacist precision: Morello cherries macerated in neutral spirit to isolate pure fruit essence.
LTQ0272BU|Light|Cooked agave, Citrus zest, White pepper|Highland Arandas agave, tahona-crushed and double-distilled in copper pot stills — raw agave sweetness at blanco stage.
LWH0455CN||Vanilla, Toasted cereal, Dried orchard fruit|Triple-distilled grain and malt blend from the world's oldest licensed distillery, in ex-bourbon and sherry casks.
WSP1089BS|Light|Crisp green apple, Citrus zest, Delicate pear|Crisp Prosecco with green apple and citrus, fine bubbles and brioche complexity.
WSP1233AD|Medium|Green apple, Citrus zest, Brioche|Elegant Australian sparkling with green apple, citrus and brioche complexity — a versatile aperitif.
WSP2452HI|Medium||Light yellow with a creamy bubble and persistent sparkle; aromas of white peach and bread crust.
WSP2500AD|Light|Green apple, Citrus zest, Brioche|Crisp Prosecco Brut with green apple, citrus and brioche — fine bubbles and a mineral finish.
WSP2606AB|Light|Lychee, Peach, Floral|Aromatic Muscat sparkler from Piedmont with lychee, peach and honeyed florals.
WSP5677DD|Light|Green apple, Citrus zest, Brioche|Crisp sparkling with bright citrus, green apple and brioche — an elegant aperitif with fine bubbles.
WWW5184BN|Medium|Green apple, Stone fruit, Citrus zest|Vibrant Chilean white with crisp citrus and stone fruit — refreshing for seafood and light fare.
WWW5250AD|Medium|Stone fruit, Citrus, Green apple|Elegant Argentine Chardonnay with stone fruit, citrus and buttery oak — refined and food-friendly.
WWW5946DJ|Medium|Saint-Aubin limestone minerality, White peach, Lemon curd|Monopole Premier Cru on shallow clay-limestone; 90-day ambient fermentation in 300-600 L demi-muids.
WWW6126AB|Medium-Full|Green apple, Citrus, Subtle oak|Elegant non-alcoholic Chardonnay from Languedoc with apple, citrus and subtle oak.
WWW6232AF|Light|Grapefruit, Lime zest, Green apple|Central Valley Sauvignon Blanc — bright citrus-driven fruit shaped by Chile's sun-drenched valley floor.
WWW6234FJ|Medium|Kimmeridgian chalk minerality, White blossom, Green apple|Kimmeridgian limestone-clay Premier Cru from Les Lys, barrel-fermented and aged on lees.
